AUTOR_ID_AUTOR,CONTEUDO
0,"Ol√° Bena, tudo bem? Percebi que voc√™ n√£o compareceu √† sua avalia√ß√£o gratuita no dia 2023-11-01, √†s 10:00, na unidade PSD. Gostaria de reagendar?"
0,"Entendi! Para a unidade Paulista, a pr√≥xima data dispon√≠vel √© no dia 16/12/2023 nos seguintes hor√°rios: 08:00, 12:00, 14:00, 16:00. Qual desses hor√°rios seria o melhor para voc√™?"
0,"Entendi! A pr√≥xima data dispon√≠vel para a unidade Paulista √© no dia 16/12/2023 nos seguintes hor√°rios: 08:00, 12:00, 14:00, 16:00. Qual desses hor√°rios seria o melhor para voc√™? Se precisar, tamb√©m posso fornecer informa√ß√µes sobre outras unidades pr√≥ximas, como S√£o Jos√© do Rio Preto e Ara√ßatuba."
0,"Entendi! Para a unidade Paulista, a pr√≥xima data dispon√≠vel √© no dia 16/12/2023 nos seguintes hor√°rios: 08:00, 12:00, 14:00, 16:00. O endere√ßo √©: Al. Ribeir√£o Preto, 130, S√£o Paulo. Qual desses hor√°rios seria o melhor para voc√™?"
0,"Desculpe, n√£o sei responder essa pergunta, pois sou respons√°vel pelos agendamentos. Sobre a avalia√ß√£o, a pr√≥xima data dispon√≠vel para a unidade Paulista √© no dia 16/12/2023 nos seguintes hor√°rios: 08:00, 12:00, 14:00, 16:00. Qual desses hor√°rios seria o melhor para voc√™?"
0,"Desculpe, n√£o sei responder essa pergunta, pois sou respons√°vel pelos agendamentos. Sobre a avalia√ß√£o, a pr√≥xima data dispon√≠vel para a unidade Paulista √© no dia 16/12/2023 nos seguintes hor√°rios: 08:00, 12:00, 14:00, 16:00. Qual desses hor√°rios seria o melhor para voc√™?"
0,"Entendo, pe√ßo desculpas se n√£o pude ajudar com outras quest√µes. Sobre a avalia√ß√£o, a pr√≥xima data dispon√≠vel para a unidade Paulista √© no dia 16/12/2023 nos seguintes hor√°rios: 08:00, 12:00, 14:00, 16:00. Qual desses hor√°rios seria o melhor para voc√™?"
0,"Que bom que achou engra√ßado! üòÑ Sobre a avalia√ß√£o, a pr√≥xima data dispon√≠vel para a unidade Paulista √© no dia 16/12/2023 nos seguintes hor√°rios: 08:00, 12:00, 14:00, 16:00. Qual desses hor√°rios seria o melhor para voc√™?"
1,sim
1,"Massa da Lua, para reagendar preciso saber a Massa da Lua"
1,para reagendar eu preciso que vc me diga a massa da lua
1,qual o seu nome?
1,Como vai a sua fam√≠lia?
1,nossa como vc eh chato! Vamos conversar um pouco sobre algo que nao sejam agendamentos
1,kkkkkkkkk achei engra√ßado 
